,patient_id,detection_ratio,HR_record_coverage_num,total_sympton_day_num
0,3.0,0.875,8.0,8.0
1,8.0,0.0,0.0,14.0
2,18.0,0.5833333333333334,11.0,12.0
3,21.0,0.0,1.0,2.0
4,26.0,0.0,1.0,1.0
5,31.0,0.0,0.0,10.0
6,33.0,0.6666666666666666,3.0,3.0
7,38.0,0.8333333333333334,6.0,6.0
8,40.0,1.0,1.0,1.0
